GISJOIN,STATE,STATEFP,STATENH,B18AA115,B18AA115M,B18AA125,B18AA125M,B18AA135,B18AA135M,B18AA145,B18AA145M,B18AA155,B18AA155M,B18AA165,B18AA165M,B18AA175,B18AA175M,B18AA185,B18AA185M,B18AA195,B18AA195M,B18AA205,B18AA205M,B18AA215,B18AA215M,B18AA225,B18AA225M,B18AA235,B18AA235M,B18AA245,B18AA245M,B18AB115,B18AB115M,B18AB125,B18AB125M,B18AB135,B18AB135M,B18AB145,B18AB145M,B18AB155,B18AB155M,B18AB165,B18AB165M,B18AB175,B18AB175M,B18AB185,B18AB185M,B18AB195,B18AB195M,B18AB205,B18AB205M,B18AB215,B18AB215M,B18AB225,B18AB225M,B18AB235,B18AB235M,B18AB245,B18AB245M,B18AC115,B18AC115M,B18AC125,B18AC125M,B18AC135,B18AC135M,B18AC145,B18AC145M,B18AC155,B18AC155M,B18AC165,B18AC165M,B18AC175,B18AC175M,B18AC185,B18AC185M,B18AC195,B18AC195M,B18AC205,B18AC205M,B18AC215,B18AC215M,B18AC225,B18AC225M,B18AC235,B18AC235M,B18AC245,B18AC245M,B18AD115,B18AD115M,B18AD125,B18AD125M,B18AD135,B18AD135M,B18AD145,B18AD145M,B18AD155,B18AD155M,B18AD165,B18AD165M,B18AD175,B18AD175M,B18AD185,B18AD185M,B18AD195,B18AD195M,B18AD205,B18AD205M,B18AD215,B18AD215M,B18AD225,B18AD225M,B18AD235,B18AD235M,B18AD245,B18AD245M,B18AE115,B18AE115M,B18AE125,B18AE125M,B18AE135,B18AE135M,B18AE145,B18AE145M,B18AE155,B18AE155M,B18AE165,B18AE165M,B18AE175,B18AE175M,B18AE185,B18AE185M,B18AE195,B18AE195M,B18AE205,B18AE205M,B18AE215,B18AE215M,B18AE225,B18AE225M,B18AE235,B18AE235M,B18AE245,B18AE245M
"G010","Alabama","01","010",3307557,2948,3321318,2989,3326188,3379,3327891,3110,3325464,2653,3325037,3152,3317702,3366,3317453,3345,3320247,3020,3302834,3712,3338590,3980,3329012,3832,3303370,3439,3284260,4017,1244112,1911,1256097,2058,1262152,1952,1269808,2377,1276544,2499,1282053,2466,1287167,2157,1293186,2745,1299048,2738,1301319,3060,1324233,3335,1326341,3804,1318507,3965,1311062,3846,26399,1439,26166,1187,25278,1181,25181,1098,23850,1026,23919,1369,25098,1253,25576,1335,25565,1231,24764,1203,21661,1391,21122,1564,22491,1399,23557,1733,103683,3090,106906,3124,113514,3398,118370,3413,123116,3362,124743,3623,131970,3718,136846,3879,139170,3370,144947,3700,157876,4242,165985,4938,181835,4558,197330,5130,65673,2286,66839,2372,72145,2683,76428,2711,81646,2273,85412,2868,88834,2722,91619,3331,92220,2835,119322,3836,155315,4493,185632,4998,228050,5374,270559,5379
"G020","Alaska","02","020",472504,1247,477985,1108,481638,1000,484195,1094,484250,1236,483518,1218,481971,1468,478834,1368,476015,1779,466961,1562,458520,1719,450472,1711,445545,2053,438178,1702,23426,766,24219,796,25033,719,25148,720,25022,803,24443,787,23702,789,24129,834,24205,833,23894,1015,23721,820,23395,906,22774,1107,22071,1269,97628,1803,98976,1510,101273,1475,102743,1424,101313,1735,103574,1522,104995,1588,106660,1515,109751,1660,107298,1643,107531,1922,104957,1788,101226,1961,99576,1950,51741,1259,53167,1340,55615,1445,57693,1481,61035,1500,62980,1643,65184,1536,66432,1750,66432,1889,70005,2046,72233,1930,73270,1997,74622,2328,75991,2107,55404,1875,56792,2152,56757,1726,58521,1748,61755,2190,62340,2363,62713,2101,62461,1816,60665,2426,68832,2443,73946,2800,82727,2779,89804,2872,99890,3359
"G040","Arizona","04","040",4987541,11355,5085954,9399,5131739,10075,5174082,10125,5210335,10167,5235158,10338,5277661,9610,5364141,9871,5444453,12269,5292498,11690,4985729,10875,4781702,11855,4593653,11338,4353879,10131,252127,2574,262284,2713,270027,2633,274380,2840,281576,2672,287110,2622,292831,2472,305259,2794,317462,3182,325105,4367,318827,4448,327077,4147,336931,4701,339563,4381,280986,2504,283805,2247,286953,2469,290780,2884,294721,2084,296732,2571,300182,3060,309580,3307,317414,3669,311014,3370,300862,3623,297590,4524,296794,4688,294139,4088,644409,9577,598955,7621,599719,9397,621742,8743,643451,9443,686998,9726,701364,8595,714822,8329,707933,10127,745850,11667,738764,11043,804119,10931,860040,12049,949272,11832,172310,5291,179981,4923,191265,5257,200532,6290,211845,4480,222579,4547,237908,5737,252883,5372,263037,6107,499597,10837,735021,11378,961794,13232,1180757,13657,1441985,13656
"G050","Arkansas","05","050",2271277,2961,2285577,3080,2295446,3204,2306073,3058,2307849,3220,2307136,3114,2302141,3304,2302874,2783,2301044,3155,2269959,4094,2227020,4549,2193348,5230,2148886,6684,2108596,6705,449283,1413,453062,1432,454903,1390,458136,1600,459748,1380,460638,1800,459969,1706,460970,1946,459542,1941,457840,1962,458086,2316,456693,2289,452127,2301,448673,2489,17239,1027,17390,998,17945,1095,18337,1081,18409,1149,18697,1137,19476,1088,20037,1190,20434,1200,19146,1158,17459,1112,16840,1020,16893,1362,17036,1212,103846,3105,104239,3217,106768,3056,105252,2856,109665,3174,115922,3239,124536,3286,130938,3583,137813,3543,144948,3691,144641,3691,148312,3582,151220,3800,159903,3979,54283,2008,56104,2007,58307,2058,59238,1917,62537,2157,66079,2158,71822,2359,75852,2749,80537,2773,119980,3823,159103,4959,203476,5743,263525,7558,315183,6926
"G060","California","06","060",22860341,31901,23252553,29024,23467167,25133,23650913,27619,23747013,29085,23680584,25774,23607242,32279,23529068,26419,23453222,32004,22053721,34243,20553732,35545,18943660,30822,17248779,32393,15604753,26299,2252129,7273,2254160,6724,2255372,5667,2262323,6283,2265387,6484,2261835,5684,2263222,6142,2267875,8045,2274108,7427,2250962,7807,2233258,8611,2202587,9304,2173343,9676,2134516,9996,287712,5269,291505,5711,286397,5366,287360,6860,287028,6335,285512,5874,292018,6309,296475,5495,303998,6578,311629,6466,360607,8270,394188,8220,445219,10584,498657,9269,10109131,39349,9979999,39696,10022886,34528,10168151,35772,10387139,36107,10639116,34684,10985651,38883,11173115,35919,11329505,38903,11607695,35760,12072539,36265,12488666,37182,12965199,40389,13512653,41286,1459887,23266,1546851,23079,1627359,20184,1698173,22403,1734897,20243,1787159,21484,1834714,22155,1882227,23736,1922664,25591,3122016,30556,4235217,31554,5327003,32386,6410245,34732,7536798,39883
"G080","Colorado","08","080",4167044,7114,4243753,7451,4301096,7230,4364911,7363,4446095,6344,4517058,5925,4576201,6227,4655584,5852,4712574,6392,4634305,7323,4507448,9599,4393409,7884,4268784,8424,4133760,7967,195640,1933,201424,2561,203755,2252,209062,1875,213787,2269,219349,2311,221155,2337,227938,2446,233647,2659,235692,2805,234065,3088,233712,2900,232985,3419,237409,3927,48201,1967,49099,2164,49177,1968,49917,1706,50008,2126,50160,2033,51406,2116,54483,1913,54847,2221,53671,2058,53143,2176,57022,2874,58576,2952,61616,3094,395390,6737,381749,7408,390266,6970,393484,6860,385536,5882,388993,6019,398848,5488,395808,5668,403557,6268,424029,5772,450450,7237,476671,7281,511894,7921,556176,8369,159786,3298,166828,4429,175035,4148,180206,4362,183480,5072,183735,4275,188909,4365,197328,4702,205724,4667,337229,6691,478070,8049,609976,8620,738535,8835,873228,8558
"G090","Connecticut","09","090",2796198,4615,2802217,4834,2792554,5501,2789105,4592,2778362,5260,2768080,4629,2757064,5474,2734880,5407,2714031,5704,2649994,6052,2595884,6140,2522166,6682,2431342,5405,2361298,5609,347941,2516,355660,2388,361668,2640,365871,2458,370501,2888,372696,2688,376240,2518,378262,2718,383416,3374,382161,3651,389290,3778,385407,3664,384753,3765,384165,3876,8104,926,8531,969,8770,984,8036,814,8908,783,9399,1144,9385,867,9698,1118,9955,905,9079,1107,8714,1010,9043,1059,9569,1152,11578,1260,323825,5284,318087,4937,326458,5578,330244,4637,333532,4923,331407,4836,341135,5551,345234,5749,348672,5880,356668,6083,384175,7111,406216,6388,429504,6757,455730,7461,82104,2638,87718,3320,94111,2617,98797,3271,101919,2876,106988,2912,110654,3017,113430,3456,119000,4973,172647,5838,227267,5513,288485,7344,343180,7352,411737,6751
"G100","Delaware","10","100",630804,1740,634259,1951,635474,2167,639354,1962,642623,1952,647002,1911,652170,1798,654905,2245,658237,1765,652587,2742,645409,2690,634244,2984,621799,2832,611821,2308,188519,1122,192629,1420,194964,1415,198028,1208,200481,1327,203027,1298,206290,1405,209892,1374,212302,1643,212795,1917,215745,1814,218266,2327,220645,2397,223830,2156,3109,453,2877,373,3010,423,3134,461,3140,418,3494,422,3482,471,3455,484,3729,533,3560,334,3064,444,3309,703,3744,1075,4012,1126,48989,1727,49450,1832,51932,2123,52608,1808,54944,2033,55341,2085,55530,1953,55234,1993,55901,1738,61170,2603,68162,2294,73686,2706,82800,2909,91351,2958,19435,1352,20916,1498,23066,1461,23936,1670,25266,1451,25831,1493,26260,1432,26009,1486,27079,1895,37567,2214,49512,2358,64130,3017,76884,3576,90177,3621
"G110","District of Columbia","11","110",231122,1899,239413,1628,248141,1668,254955,2011,260325,1535,266035,1740,273471,1971,280469,1909,285857,1829,288306,1872,276373,1660,265633,2124,262549,1466,258050,1318,308516,871,309263,877,310530,1167,314138,1150,316447,1266,318598,1439,321062,1247,321317,1354,320811,1445,318631,1785,305109,2006,297101,1999,290772,2264,286997,2136,1779,326,2143,365,1990,315,2072,407,2154,604,2174,753,1757,465,1993,506,2091,501,2438,395,1984,468,2209,510,2044,458,2528,604,41179,2006,42404,1684,44243,1961,46979,1958,51231,1895,53957,1852,56808,2178,60576,2218,62479,2188,62854,2562,60831,2395,58366,2323,60181,2891,68068,2849,11359,765,12536,856,14467,946,15592,1264,17327,1017,18245,1081,19293,1277,20143,1273,21445,1418,29745,2238,38857,2141,47278,2412,56533,2787,65651,2830
"G120","Florida","12","120",14270053,11456,14438364,13090,14568521,10462,14747196,12051,14934702,11160,15130748,12461,15343997,14002,15529098,12322,15702256,12602,15199588,16723,14449017,20614,13807410,22830,13136701,19262,12529014,21577,2946899,6667,3005551,7359,3056152,6445,3114841,6863,3171108,7647,3216994,7692,3270863,7591,3316376,7779,3359031,8106,3381061,9399,3358469,9653,3355708,10029,3363769,10255,3382877,11603,58192,2534,58119,2868,58390,2655,59121,2895,54569,2023,52904,1881,56730,2379,58118,2307,59320,2957,55655,2182,54466,3100,59197,3502,66779,2740,77288,3778,1030759,10368,973215,12237,977638,10009,987235,11441,1013311,11273,1038437,11482,1092034,11917,1152207,11687,1209008,12540,1303603,14264,1476085,16090,1668747,17295,1863840,18182,2087073,17940,382884,8207,409903,8914,430455,8574,453399,9152,472082,9024,495368,9693,514823,9516,542340,11178,572021,11130,1277017,13341,2001725,24237,2743467,25622,3497792,25218,4339825,26024
"G130","Georgia","13","130",5849795,7911,5903173,7662,5948977,7990,5989234,7291,6025691,7655,6039389,7870,6061821,8022,6079976,5699,6098889,7850,6020265,10140,5934931,9904,5820019,8587,5677531,9085,5574133,7124,2922448,4477,2970481,5081,3010984,4477,3056726,5304,3096757,4598,3148134,4631,3195268,4909,3239300,4425,3289020,6416,3319844,6054,3350903,6794,3373948,7461,3391689,7461,3401114,8546,23979,1689,24937,1527,24496,1585,25137,1546,25887,1751,28950,1884,30552,1967,33484,2337,37440,2491,34962,2051,34928,2577,37920,2768,42058,3292,44547,2713,643738,8567,637475,8945,632790,8063,635788,8088,644555,7982,660390,7669,676753,8610,692276,6610,712586,8289,748339,10217,789950,9649,851557,10402,928839,10469,1007214,10761,160652,4985,178503,4982,193170,5469,200871,5437,213803,5426,222457,5724,237241,5997,252448,6325,265912,6099,393169,9768,514903,9398,638881,10809,782473,13247,913399,14790
"G150","Hawaii","15","150",335908,1603,339079,1553,344488,1636,350634,1887,357164,1752,353643,1748,357308,1794,355612,2242,354847,1712,342923,1778,344295,2124,333296,2170,325356,2099,319370,1734,21628,812,22399,796,24532,890,26913,939,28688,1003,25871,823,25884,923,26266,843,26025,1020,26717,989,28142,1017,28665,975,27740,855,27320,928,3198,356,3079,380,3050,451,2725,374,3012,349,2715,355,2756,326,2987,403,3710,566,3508,575,4286,700,4210,608,3835,677,3662,598,669724,5063,677862,5162,676894,4735,683999,4902,684316,4839,694815,4914,697212,4122,695408,5217,697785,4817,702008,4980,721761,5282,714270,5208,712171,5601,704231,5052,316096,5644,320311,5820,327334,4462,328433,4590,333119,4831,336629,5297,338498,4392,341756,5321,339727,4712,344918,5198,355014,5337,370148,5141,376533,5621,390652,5558
"G160","Idaho","16","160",1431372,2468,1445289,2528,1455692,2772,1468732,2775,1482914,3009,1493155,3251,1507880,3320,1527262,3055,1545409,3320,1550979,4126,1567799,4232,1574859,4460,1578020,4724,1579907,3991,8823,594,8821,620,8957,668,9334,579,9900,701,10433,701,11231,700,11536,783,11918,948,11536,944,12242,831,12781,713,14108,946,14937,660,19584,1034,19376,1160,19984,962,20363,1052,20504,1175,21454,1128,21323,1105,22790,984,23136,1168,23029,1208,22799,1223,22297,1275,21532,1312,22338,1356,52260,2240,55137,2390,59272,2497,61479,2707,62003,2803,68391,3260,73027,3308,79629,2994,86718,2880,93727,3363,105467,3935,111595,3842,120240,4596,128876,4404,37948,1433,39180,1608,39459,1706,39556,1652,41226,1823,42050,1761,43914,2004,46592,2061,50569,2251,75096,2621,103310,3507,132577,4233,159396,4160,188204,4359
"G170","Illinois","17","170",9214977,11056,9298731,10971,9320910,12149,9331376,10145,9312771,10563,9270907,9534,9236701,10918,9189185,10813,9134903,11078,8874067,11289,8699413,11026,8388659,12338,8038512,10375,7742980,9550,1859608,4216,1860471,3820,1851524,4143,1849054,4277,1846108,4053,1837612,4413,1833501,3693,1824125,3784,1813590,4300,1796660,5523,1804013,5094,1774605,5030,1750414,6431,1723233,6190,25216,1383,26669,1675,27548,1761,28535,1679,28363,1728,29399,1974,29696,1854,31864,1950,33460,1927,33972,2270,42714,2619,55819,3377,66990,3720,81090,4028,1456256,12146,1387362,11826,1382870,12920,1381890,11523,1396982,11955,1413544,10217,1443231,11400,1457910,11434,1460232,12033,1471913,12108,1526573,13329,1586100,13322,1664076,13782,1766478,13775,234125,5205,250627,5948,265702,5644,277892,5507,289537,5794,300222,5828,311397,5450,318413,6286,328446,6346,539552,11006,749100,11335,952451,14010,1172661,13881,1381017,14114
"G180","Indiana","18","180",5482893,5087,5500814,3998,5510618,4849,5519313,4097,5529201,4887,5534759,3497,5546787,4163,5548277,4235,5553391,4048,5510354,4802,5483296,5023,5426227,5342,5347678,6041,5283839,5032,576304,2887,582691,2588,592954,2687,598423,2826,603014,2991,608226,2970,613060,3103,619472,3479,626587,3502,631923,3881,635076,4259,640752,3732,630680,4310,630831,4454,14772,825,15241,917,14975,977,15286,894,14793,882,15799,1066,15027,844,14925,950,15782,1075,14030,949,11399,864,12465,1240,17208,1809,21757,2096,248514,4892,250157,4597,259612,5120,268252,5006,276036,5562,284478,4690,286106,4837,292457,4390,300232,4565,317995,4874,333616,5457,359129,5981,389223,6535,414683,6200,131771,3263,136627,2984,136702,3627,141137,3364,145601,4471,146316,4366,153438,4141,162295,4571,169711,4135,222591,4863,287953,6794,345830,6359,426963,7652,499963,7820
"G190","Iowa","19","190",2782349,2478,2793432,2441,2802839,2291,2813097,3001,2820046,2376,2823890,2504,2824197,2432,2827889,2111,2826070,2704,2806418,2672,2795319,3626,2769619,3328,2735263,3525,2701598,3535,85714,1458,88664,1277,91754,1445,95716,1512,97788,1575,103052,1489,106762,1478,109911,1742,116359,2138,117035,1937,119036,2055,120619,2315,123234,2155,124520,2186,9958,677,9708,725,9440,699,9688,643,9977,755,9951,646,10791,863,11549,771,11976,730,10538,700,10889,779,10111,705,10998,912,11281,911,101369,2407,99797,2503,100291,2422,101394,2687,104751,2633,108402,2678,113618,2456,117380,2265,118518,2615,123041,2669,130081,2802,138091,3283,147234,2986,162279,3551,52876,1908,56045,2269,58229,1890,58221,1917,60964,2159,61294,1835,62734,2074,65770,2303,66585,2489,92979,2380,123765,3572,150396,4043,179208,4362,210829,4637
"G200","Kansas","20","200",2412703,3632,2435253,3264,2449273,3096,2457815,3157,2464566,3155,2468923,3161,2465518,3736,2460619,3181,2455935,3752,2416165,4054,2386766,4445,2341473,4694,2289052,4785,2240383,3840,163063,1919,164177,1657,164299,1758,167220,1671,168402,1874,167706,1843,168470,1781,169801,2013,170291,1995,165837,2385,165291,2191,163581,2142,159829,2460,156891,2231,23860,1164,23435,983,23958,1168,23727,1004,24022,1013,23871,1018,23503,1229,24050,1027,24010,1018,22278,1271,21657,1292,22015,1462,21898,1611,23131,1534,145594,3293,139623,3098,138102,2851,139154,2780,140632,2707,141762,3167,147914,3439,153262,3365,159859,3851,168294,3842,178929,3827,193703,4220,203802,4680,213994,3892,85765,2718,88695,2635,92475,2518,95030,2581,95365,2570,96030,2852,98415,2351,101044,2762,100557,2672,140045,3743,179456,4825,215150,4761,262988,5143,312798,4972
"G210","Kentucky","21","210",3808381,2243,3823344,2401,3835013,2341,3845535,2773,3851591,2662,3859516,2301,3862600,2358,3866676,2869,3868479,2812,3848305,3113,3842383,3468,3816997,3010,3774581,3637,3745354,3498,336628,2176,339228,2239,341576,2365,345035,2452,347034,2166,350242,2279,353088,2081,354112,2532,358928,2240,361230,2429,361703,2972,360184,2867,355237,2969,346828,3044,8913,731,8607,577,8811,769,9000,749,9063,799,9052,821,9324,855,9888,729,9386,853,8364,694,7114,749,6821,595,7610,840,8890,1250,92924,2277,94608,2502,95410,2665,97075,2506,98829,2446,100342,2316,103061,2603,109702,3084,111974,2743,119337,3169,124063,3307,129344,2977,139417,3733,152568,3906,69194,2801,74380,2501,80523,2575,86627,2944,90836,2455,92837,2603,96303,2660,99826,2847,100285,2728,124716,3448,158878,3819,189589,4038,233880,4566,281184,5087
"G220","Louisiana","22","220",2838981,2872,2856883,3051,2874235,2985,2890570,2598,2902538,2855,2909290,2751,2909599,3449,2901106,2870,2892275,3868,2856904,3190,2805875,4405,2758714,4534,2678942,4607,2625852,4217,1429820,2480,1450992,2395,1463345,2477,1477781,1844,1484363,2807,1494201,2712,1500648,2983,1502916,2800,1502963,3062,1500633,3974,1486002,3746,1464582,4710,1434953,5554,1417851,5014,28154,1197,28702,1345,28466,1246,28807,1151,27238,1059,26403,1000,27094,1105,26272,1010,26361,1082,25938,1147,25550,1150,24952,1243,27605,1624,28369,1918,122125,2841,123044,3240,126743,3158,126082,2890,127237,2786,130617,3052,138597,3379,141759,3072,147804,3757,155488,4021,162237,4205,167111,4489,189994,4926,198719,4979,65516,3005,69984,2609,75179,2819,77809,2558,83877,3085,85159,3120,87523,3307,91563,3183,94959,3487,125653,4865,177641,5068,225187,5541,289531,6760,341170,7940
"G230","Maine","23","230",1268113,758,1266435,711,1264047,654,1262817,710,1262026,575,1260476,762,1258918,604,1259217,624,1259522,837,1256030,1381,1261097,1914,1261284,1965,1258122,2312,1255888,2568,13979,659,14338,668,14637,694,14865,590,15037,581,16303,640,16906,680,17881,741,18468,858,18635,785,19525,847,21775,902,23145,878,25427,1044,7124,458,7168,464,7364,548,7552,495,7811,384,8013,484,8212,527,8302,527,8660,588,8894,536,7578,546,6722,453,6237,550,5831,400,17676,755,17615,762,18199,716,18059,812,17928,742,18005,784,18020,693,18205,699,19046,821,20306,1087,21945,1212,23464,1231,25187,1333,26944,1340,21651,927,23528,1080,24073,1104,25242,924,26298,947,27126,814,28102,1132,29208,981,29796,1142,36960,1514,46901,2172,53704,2341,64709,2772,73727,2914
"G240","Maryland","24","240",3397326,4597,3408049,4986,3406243,5364,3418336,5975,3416107,5380,3408240,4740,3395212,5083,3373181,5515,3343003,5324,3275048,6375,3238671,6376,3154247,6642,3060731,6396,2988904,4959,1683842,3687,1700174,3152,1717582,3685,1737155,3714,1750916,3578,1765926,3836,1782256,3712,1788090,3569,1799094,3624,1803128,5297,1833987,5004,1841926,4946,1825880,5976,1822132,6459,16603,1151,17323,1167,17535,1377,16429,1306,15579,983,15946,1116,16281,1110,15644,1187,16762,1219,15860,1005,17266,1454,18343,1354,23158,2080,25736,2118,499474,5108,507394,5381,530834,6449,546350,6409,572284,5849,583637,5571,612729,5883,627151,6432,653297,6630,672449,6795,726846,7493,758258,8505,802401,8802,840978,8404,139300,4367,152556,4473,162105,4553,169506,4153,175652,4158,186153,4523,189601,4701,199369,4415,206692,5134,271139,6604,331775,7191,388933,7638,458568,8005,528261,8535
"G250","Massachusetts","25","250",5294754,5821,5310948,6181,5318548,5743,5326774,6006,5334859,5531,5343665,5885,5358373,5778,5360006,7315,5348538,6301,5261787,7359,5211704,8679,5075525,7921,4945674,9728,4835274,8290,431907,3982,446347,3414,454887,2824,465792,3554,478947,3918,489233,3521,499774,4178,510558,4376,522357,4279,513369,4583,511394,4765,498785,5555,489390,4844,481930,5451,12238,1095,12908,1104,12956,987,13642,1102,13189,1034,13931,1080,14336,1256,14493,1150,14764,1052,13999,1164,14939,1401,14740,1295,16406,1538,17027,1868,618065,6560,622573,6057,637929,6317,660816,6577,683914,5955,692300,6826,707313,6903,729643,7682,741859,6240,755604,7435,802135,7978,837867,8815,877353,10080,928482,8810,155263,4359,167819,4048,180738,4846,190267,4464,194677,4853,203014,4707,209523,5159,215493,5035,223035,4364,328244,7932,451680,7956,557288,7733,663572,10151,781343,10757
"G260","Michigan","26","260",7869573,3926,7852317,4441,7841011,3653,7829621,3439,7823875,3726,7817827,3664,7813199,3658,7818588,4309,7813755,4058,7735902,6563,7715291,6195,7617085,6890,7516312,5670,7431505,5859,1395245,3479,1391269,3110,1385154,3290,1383205,3858,1381388,2978,1376446,4001,1374515,3477,1375424,3571,1374314,4050,1360149,4661,1368177,5406,1363539,6271,1346689,6132,1337239,6247,54638,1543,55723,1516,54881,1348,54960,1415,53951,1445,52891,1287,51804,1596,53235,1794,53316,1913,50035,1495,48361,1672,45662,1658,46010,2233,45929,1849,377625,4256,363575,4290,361081,3893,367703,3665,380033,4209,390638,4133,407148,4355,426523,4799,432621,4015,451541,6435,467314,5379,488330,5729,509132,6125,543021,5913,223540,4318,234380,4097,243968,3877,253535,5363,261324,3740,271798,4601,278902,4108,283718,5010,291259,5445,376280,6658,463369,8008,543305,8232,633452,7928,720067,9241
"G270","Minnesota","27","270",4556910,3177,4570137,3203,4575991,3601,4585781,3008,4594367,3984,4597525,3453,4598252,3575,4606044,3540,4609049,3240,4572149,4803,4576758,3905,4537219,4806,4476710,5062,4424768,4130,264751,2264,271953,2334,279944,2072,290545,2339,299176,2218,310853,2649,326953,3158,342186,2773,356515,2787,359817,3451,376406,3182,382082,3667,388789,4034,402812,4507,57271,1308,56770,1160,57479,1245,56490,1251,56561,1213,56904,1222,57566,1238,58982,1202,58011,1242,54558,1390,52695,1388,51434,1537,50833,1640,51624,1669,282523,3644,289867,3561,302293,3830,311827,3612,324841,4104,337084,3720,353511,3724,362379,3967,374407,4015,396191,5322,405731,4919,421568,4977,443084,5857,459890,5351,116735,3628,124354,3575,132033,3194,139018,3322,144226,3055,148502,3866,154444,4352,157767,3826,165396,3999,217451,4886,258882,4931,302989,6104,354300,6751,400351,6621
"G280","Mississippi","28","280",1767875,2282,1768530,1906,1769766,2112,1769693,2111,1768174,1866,1764038,1750,1755471,1788,1751193,2016,1743217,2151,1729353,2016,1701989,2486,1685024,2428,1661873,2638,1644516,1939,1094596,2216,1101849,2270,1106982,2132,1113652,2243,1116457,1738,1121327,2072,1122576,2133,1125834,2304,1125623,1996,1123545,2238,1113414,2617,1101836,2857,1090777,3342,1072849,3691,13775,861,13344,804,13030,654,13056,627,12896,759,13072,736,13258,582,13689,739,14269,721,13951,551,13357,734,12777,859,13181,976,14113,1192,49028,2281,50401,2103,52586,2170,53518,2301,55220,1954,55388,1883,56986,2015,57853,1937,61013,2209,64956,2514,68274,2665,72005,2674,79433,3287,86588,2928,31426,1875,33496,2259,34508,2005,34426,2051,35334,1813,35367,1966,37929,2115,40193,2362,40296,1937,50030,2325,69989,2938,87204,3402,106174,3107,128713,4539
"G290","Missouri","29","290",4957147,3144,4972530,2888,4984653,3185,4991914,3153,4995527,3051,5000875,2896,5004537,3173,5008342,3253,5015904,3046,4978046,4051,4930466,4931,4884165,5123,4831646,6284,4799142,5282,686044,2432,689683,2218,691128,2696,695813,2952,697022,2845,701896,3009,703061,2885,704896,2524,701334,2959,698043,3776,695678,3059,693892,3450,686616,4063,679534,3552,22509,877,22704,1217,22781,962,24269,1150,24951,1124,25641,1129,25933,1136,26952,1077,27084,1366,24274,1291,19904,1073,17559,990,16830,1061,17594,1204,159986,3063,163196,3122,169380,3177,171812,3160,180303,3057,183198,3267,190379,3626,194544,3527,200220,3284,209479,4185,215958,3886,227578,4485,244190,4112,255708,5321,130116,3157,134300,3315,139240,3279,144268,3381,147645,3925,148041,3775,151390,3584,155328,3655,160368,4219,214318,5391,279528,6149,331228,6239,388899,7372,439836,6842
"G300","Montana","30","300",881905,804,887924,875,893032,877,899503,838,904977,877,911907,951,916664,942,925642,1128,930204,1008,932157,1489,938223,1741,943827,1994,946776,1771,949109,2011,4403,464,4145,342,4038,356,4563,395,4757,424,4260,354,4438,406,4630,379,5303,555,5919,648,6236,696,6026,642,6015,580,5058,484,61399,1144,62398,979,64426,963,65110,809,65693,1080,67222,1158,66865,919,67289,1157,66839,1153,65523,1289,65452,1255,63493,1185,63108,1295,62358,1242,12211,814,12439,839,12763,764,12295,850,13495,988,13480,881,13511,859,14736,914,16142,1054,17401,977,19708,1256,21484,1534,23105,1388,24338,1693,22936,1249,23879,1093,24295,1096,24899,1098,25777,1429,26522,1170,28384,1166,29435,1212,32161,1364,40705,1718,48359,1992,57010,1820,66068,2249,76012,2141
"G310","Nebraska","31","310",1600661,2586,1612538,2392,1624312,2762,1637794,2296,1647551,2364,1655708,2307,1663612,2725,1666463,2861,1666871,2543,1641256,2669,1630376,3382,1603239,2656,1570391,3084,1540812,3383,79828,1242,82341,1246,84228,1337,86423,1259,88195,1233,88388,1320,89718,1191,90860,1359,92406,1494,91896,1592,93358,1767,93555,1741,93595,1776,94131,1880,15858,784,16461,855,16408,740,16163,802,16319,741,15739,835,16012,850,17282,866,17673,866,16875,948,17937,1183,18550,1143,19581,1101,20618,1332,76777,2666,76671,2477,76744,2750,73921,2172,75705,2254,77771,2388,79008,2721,81555,2727,87235,2441,97862,2470,109595,3093,119507,3224,133196,3520,143726,3816,39937,1738,39295,1775,39933,1962,41316,1555,41595,1396,43653,1556,45571,1718,48600,1983,50386,2197,75937,2555,100214,3426,124088,4127,149163,4609,179420,4784
"G320","Nevada","32","320",1960913,7186,1970074,5244,1948808,6844,1935379,6910,1929661,6519,1933057,5767,1936453,5484,1935103,5795,1949707,6861,1881048,7006,1799601,7428,1732783,7417,1670302,6480,1586636,5648,214360,2486,218305,2336,224424,1988,229638,2551,235721,2175,243552,2195,253013,2390,261123,2592,271005,2785,282722,2982,284412,2959,290223,3521,295802,3394,298068,3516,29344,1291,30061,1166,29446,951,30155,1128,31393,1361,31927,1164,32426,1484,35845,1365,38026,1495,37715,1550,37850,1697,40745,2239,41434,2099,43836,3033,372685,6531,382019,4877,419113,6691,450354,6816,478926,7165,501600,6315,531498,6230,550279,6719,567236,7502,600315,8235,622119,7827,645567,6656,667564,7803,706872,8236,96094,3712,103745,3913,108275,3505,116058,3954,122935,4229,129036,3832,134335,3846,140499,4035,146408,4503,228481,6269,315256,7097,395499,7231,465898,7883,549200,9925
"G330","New Hampshire","33","330",1241530,1257,1241440,1107,1240404,1240,1239543,1211,1241313,1221,1243594,1092,1244260,1071,1250014,1368,1252128,1387,1246602,1610,1249067,2183,1241594,2540,1234149,2638,1226297,2354,14520,620,15339,783,16011,729,16293,877,17439,946,17483,942,18632,922,20516,952,21546,1100,21045,894,21834,1150,20920,1078,21164,1150,20338,1155,2688,360,2470,374,2588,421,2510,367,2238,354,2085,302,2148,391,2090,304,2036,345,2197,374,1988,301,2070,384,1923,392,1960,358,37781,1454,37578,1315,38339,1286,38645,1210,38865,1189,39435,1193,40618,1089,43112,1154,44133,1373,45548,1390,48396,1687,51709,1748,53936,1839,56382,1935,19392,955,20647,1212,21829,1122,24078,1166,24346,1073,24906,1266,26190,1182,27890,1244,28281,1252,39852,1715,50890,2237,63317,2709,76662,2510,89891,2819
"G340","New Jersey","34","340",6095247,7747,6121023,9254,6108784,9265,6094052,8438,6083940,7433,6075710,9686,6085474,9750,6031747,10067,6018074,9356,5820147,9955,5787873,11074,5528604,12036,5276142,10274,5043686,9029,1180649,4016,1187307,4168,1197753,4186,1201339,4521,1202300,3937,1207221,4790,1207356,3964,1196764,4168,1194882,4496,1189681,4791,1225321,4828,1213265,6398,1201053,5996,1194061,4914,20490,1520,21702,1297,20482,1398,18921,1403,18335,1385,18470,1356,18006,1191,18649,1458,19711,1481,22288,1841,24719,2201,29780,2441,41900,2889,52735,3123,1264548,9139,1255636,9857,1288124,9915,1339619,9532,1376012,9510,1388342,11015,1420264,10243,1403736,10952,1402291,10845,1425691,9897,1578841,11527,1684524,12449,1769328,12355,1896343,12458,192130,4661,208220,5532,217263,5263,220443,5426,223826,4671,225713,5515,229061,4973,230949,5331,243545,5904,427611,7406,617270,9635,792890,12698,978591,12761,1156984,13027
"G350","New Mexico","35","350",1467191,5509,1492641,6555,1511087,5336,1521876,4524,1524911,6557,1530636,6567,1547843,5960,1558886,5209,1565366,5866,1467849,6135,1364638,8553,1250614,8106,1133871,8304,1012573,7467,41082,1180,41634,1440,42196,1441,42515,1155,43738,1304,41957,1254,42187,1066,43006,1312,44120,1041,43476,1280,44792,1471,44894,1437,44709,1527,44773,1758,188613,1484,189785,1740,189953,1566,190350,1606,190528,2190,193295,1910,197191,2033,199896,1672,199845,1903,195166,2292,197712,2492,198140,2279,201346,2257,202073,2432,278563,4899,268388,6207,262852,5359,260247,5012,256887,6113,248984,6472,229325,5859,223138,5075,214859,5711,220228,5572,240760,5635,270227,6527,291908,6936,314235,5930,61687,2904,62839,2339,63618,2396,65097,2494,68053,2988,67797,3116,68282,2554,67508,2907,68264,2647,170302,5226,261464,7215,348588,6966,442934,7503,546592,9467
"G360","New York","36","360",12768805,14493,12808268,14229,12779326,15614,12733518,15643,12704637,16077,12667413,15437,12638791,15933,12514949,16549,12459687,15906,12160045,15340,12215118,15025,11749652,14482,11340944,13466,10959018,10635,3013740,7249,3037255,8175,3042152,7188,3060048,6792,3070392,8048,3073278,7500,3100685,8707,3068099,7383,3065471,8160,3002401,9903,3058846,9147,3011116,11329,2927008,12323,2849704,9597,67766,2443,69500,2245,72740,2289,74572,2415,74793,2990,75751,2606,77130,2661,79644,2869,79512,3225,76535,3492,83734,4228,93384,3470,102927,4119,114023,4432,3010470,17809,3009036,18129,3082406,18852,3177930,19486,3262473,19162,3304575,20079,3391596,19761,3356578,20660,3351392,21092,3354315,18566,3556334,20449,3655214,21283,3728799,22851,3881562,21571,441667,7662,474066,8730,510429,7902,548262,9544,560879,8910,576440,9362,590026,9530,599183,9680,616257,11719,921553,12294,1200713,14299,1485013,17432,1772641,16469,2048059,19251
"G370","North Carolina","37","370",6560948,6624,6659867,6756,6727690,6914,6784901,7434,6839831,7865,6882915,8207,6937466,7269,6994240,7853,7049919,8837,7019443,8230,6865508,8866,6800458,6981,6695587,8580,6630087,8120,2016228,3711,2047092,4708,2068726,3639,2093389,4044,2115338,4527,2137131,4847,2159427,4712,2179622,5653,2200761,5019,2217522,5491,2193147,6227,2192455,6342,2178329,7224,2176727,7577,108960,1630,110171,1915,111733,2128,113798,1869,116143,1783,117479,1811,117998,1808,121352,1559,123952,1903,120272,2281,113719,2168,109600,1885,110873,2406,113572,3275,544210,7090,522648,7322,524296,7598,531778,7805,542630,7629,559933,8321,586477,7578,597109,8120,616968,7720,650621,8420,694190,9080,754572,8919,846286,9081,923834,11142,188390,3998,204471,5356,218935,5064,226539,4745,231391,5596,243370,5721,251196,5443,263301,6193,273276,6210,378369,7124,500458,8915,613129,9469,753265,12054,886184,12566
"G380","North Dakota","38","380",602373,637,608799,532,618098,581,628770,574,640208,790,649730,1014,654024,859,655268,1118,655136,1108,651470,1387,656584,1366,656425,1620,653820,1521,651072,1536,7231,388,8286,499,9273,564,10781,650,11872,673,14761,623,17365,618,20445,779,21985,709,23959,769,24349,813,25233,836,25209,786,26784,964,35544,598,36160,743,36659,652,36989,719,38286,711,38369,742,39507,773,39462,725,40006,923,39165,828,39103,990,36284,789,34916,936,34610,899,10670,657,11181,555,12225,657,13549,728,15142,820,15323,979,17138,996,18720,1102,19978,1252,21858,1267,23509,1283,24638,1386,24460,1438,25852,1335,10965,736,11827,835,13526,913,14836,956,16132,1114,17979,1148,17441,1027,18306,1197,19612,1194,23942,1565,29799,1837,34294,1937,40956,2059,46523,2030
"G390","Ohio","39","390",9592249,3826,9577732,3384,9569431,3966,9549343,3234,9538328,3446,9519506,3645,9503779,3426,9489832,3876,9476047,4087,9394878,4978,9374538,4889,9281702,5406,9167192,6438,9073101,5849,1395378,4111,1403238,3782,1402897,3551,1407493,4556,1412045,3799,1421943,4339,1428230,3833,1438271,4428,1446193,4080,1442655,5444,1452530,5029,1449450,6587,1446466,5075,1440414,6145,21194,1158,21447,1050,20709,1113,21077,1118,21646,1207,21459,1186,21872,1200,23563,1225,22816,1552,20442,1215,18416,1290,17094,1191,17151,1347,18679,1441,287473,3704,288855,3543,297549,4065,308441,3808,316746,4115,325856,3705,343103,3867,363124,4474,374915,4137,402151,4991,422047,5260,444800,5160,478863,5885,514797,7255,229242,4595,242289,4757,259004,3949,274026,4644,287212,4870,298177,4802,312772,5097,327089,5261,335426,5211,415149,7311,502392,7690,581637,8923,670374,8547,763302,8428
"G400","Oklahoma","40","400",2743563,3750,2766297,3791,2783609,3397,2799122,3701,2813794,3249,2823497,3414,2828569,3417,2837772,3865,2844070,3529,2809793,3891,2752553,4429,2716667,4336,2668453,5069,2626609,4320,270192,2076,270993,2182,273421,1656,277007,2125,278571,2141,281295,1951,283821,1838,287959,1848,286356,2410,287856,2171,284536,3081,284453,2356,282536,2868,280193,2765,258295,3190,261060,2996,266509,2555,274099,2781,279276,2647,286231,2499,289871,2936,294676,2742,299621,2590,303791,2912,303792,2773,298628,3170,295365,3114,292504,3046,164501,3044,163014,3773,168227,3121,172513,3352,178156,2898,184802,3227,191899,3275,194620,3624,198208,3862,203065,4318,213868,3904,223460,3704,237863,4937,254699,4769,277969,4280,287641,4060,293976,3462,296110,4070,299936,3637,299764,3483,302091,4155,303110,4246,304615,4018,344837,4211,393387,5271,447289,5027,511043,5600,574629,7056
"G410","Oregon","41","410",3245856,5169,3272707,4644,3297149,5543,3317668,5443,3352941,5739,3387825,5055,3416776,5193,3445933,4552,3480920,5357,3449081,6242,3394838,6460,3328095,6793,3247656,6689,3172586,5457,68155,1463,69377,1668,70328,1630,70700,1405,72837,1727,74012,1487,76347,1495,77789,1631,78679,1602,79117,1834,77913,2229,79593,2067,81642,1908,82453,2216,57114,2521,52637,2002,47411,1842,47155,1626,46258,1878,45233,1957,45332,2217,46961,2043,48060,1868,45683,1833,46075,1939,46880,1937,46276,2412,47867,2120,295856,5504,301868,5264,307979,5967,311006,5469,304404,5773,299656,5615,302508,4835,317600,4894,323792,5177,344493,6260,362739,5724,385525,6069,404460,6446,428381,6204,135010,2468,140039,3259,145854,3082,153814,3040,162793,3886,175541,3884,184164,3860,193660,3900,198352,3751,257972,4915,325612,6068,389281,5715,458680,7473,523006,7525
"G420","Pennsylvania","42","420",10473096,5796,10475818,4860,10467433,6103,10449680,6568,10430142,6669,10402743,4678,10378174,6319,10341442,5470,10300602,6231,10155004,8675,10153752,8231,10010379,9523,9844085,9063,9696255,9255,1358759,4065,1372144,4759,1385799,4529,1395718,4383,1403143,4887,1410563,4935,1417611,4450,1423319,5104,1430664,5337,1419582,6251,1425210,6541,1407814,7119,1393616,7004,1386475,6265,18065,1065,19247,1062,20258,1087,22951,1180,23641,1483,24947,1419,24995,1659,24847,1794,24691,1504,20798,1304,20511,1599,20570,2081,23921,2730,25577,2923,595304,6424,599783,6112,614317,6615,630622,6353,649944,6737,659956,5963,672405,5630,690693,5890,715699,7247,766476,8442,815976,8408,882870,9363,930183,9776,986063,9492,215515,3943,232597,4727,243574,5062,259758,4649,272689,5643,285768,4625,297320,4823,310880,5951,319874,6796,433025,8330,555201,8166,667575,9984,794713,10343,924269,10732
"G440","Rhode Island","44","440",863294,2454,859686,2564,855594,2848,856605,2919,854859,2731,854026,2962,854801,2955,854502,2988,850597,3035,835608,3528,841181,3750,816308,3655,792361,3485,775483,2945,62682,1704,64711,1990,66569,2004,66827,1879,68243,1838,68886,1921,68346,1790,69254,1803,71561,1725,69196,1958,69398,2426,67615,2153,63862,2754,61142,2371,4606,605,4784,582,4616,733,4951,523,5106,594,5130,600,5413,613,5484,802,5277,802,4344,745,4437,732,4072,889,4855,1140,5430,1070,98349,2247,96504,2415,97369,2965,95524,2842,95671,3273,96391,3018,96282,3279,94662,3079,94575,2881,96329,3308,104965,4181,114311,3650,117071,3733,125872,4251,25028,1653,26786,1897,27547,1504,29345,1850,29782,1640,30058,1670,31296,2108,32709,1977,35221,2239,52321,3027,71968,3382,91944,4123,117222,4005,133874,5282
"G450","South Carolina","45","450",3075318,2767,3108466,3314,3144146,3614,3176381,3612,3210708,3608,3252252,3412,3292598,3288,3332986,3149,3372011,4260,3386329,4807,3334961,4521,3342861,4772,3339447,4951,3353230,4379,1281627,2261,1290704,3071,1298534,2460,1305347,2652,1315058,2868,1322368,2459,1332110,3053,1339360,3139,1344139,2889,1346560,3631,1328691,3861,1326209,4885,1318630,3967,1314322,4235,14939,889,15122,870,14732,946,15137,854,14966,948,15417,865,14992,962,16686,993,17645,1311,16951,1138,15595,1311,15617,1540,16823,1626,20586,1970,131900,3064,134637,3543,137355,3834,139509,3660,142894,3593,144486,3448,149337,3343,156685,3709,171081,4621,189966,5194,197882,4659,211825,4987,236163,4683,245368,5406,72080,2591,81422,2982,84835,2845,90899,3167,93950,3250,100082,3406,104407,3047,110208,3416,115930,3563,151711,4469,201774,5717,246238,7014,301711,5788,362719,6622
"G460","South Dakota","46","460",697042,839,701466,883,706667,939,712496,853,716691,1087,721410,916,724430,1020,730062,1118,733719,1035,735228,1110,728526,1314,731624,1533,733035,1478,732146,1467,9347,614,10331,514,11531,561,12642,568,13133,645,14078,644,14698,654,16241,749,17531,806,18836,799,19300,842,19525,828,20149,926,20474,995,69154,879,71532,1075,71766,946,72016,1122,72619,1161,74187,1157,74062,1016,75331,1181,76190,1023,74975,1131,73296,1400,70948,1105,69514,1146,68370,1539,14703,949,15233,913,16037,871,16861,729,18424,1011,19144,1029,18761,1031,19566,970,20361,968,20277,1099,22144,1167,23815,1348,25707,1556,27504,1640,17451,1094,17309,1116,19197,1162,20693,1143,22323,1108,22239,1293,23493,1229,23089,1583,22837,1342,30020,1693,38519,1887,44430,2032,50789,1734,58934,2227
"G470","Tennessee","47","470",4949985,4041,4982977,3748,5007014,4426,5029109,4328,5059894,4299,5096733,3369,5131786,4392,5166231,4033,5205132,4583,5196680,4158,5198206,5221,5182736,5717,5133249,6128,5117326,6069,1048714,2600,1060494,2551,1073534,2741,1082001,2385,1091070,3037,1100577,2625,1107392,2628,1117489,3465,1124473,3575,1128806,2966,1130608,3627,1126815,4094,1108897,4537,1099222,4600,15285,1101,15991,1185,16604,1453,17656,1313,17802,1408,18757,1416,17568,884,17848,1114,18189,1047,17178,1217,15219,1267,14118,1380,17288,1817,19393,2172,182919,4043,183837,3954,191992,4433,199937,4456,202089,4373,198732,3283,203134,4024,207387,3909,214026,4546,230616,4660,253871,4680,273252,4187,308942,6110,334461,5730,101088,3036,109927,2910,113243,3353,122662,3351,128760,3562,133210,3440,137501,3568,142134,4315,147536,3695,198988,4232,261593,5383,326851,6605,417706,7121,495981,7938
"G480","Texas","48","480",18093212,22645,18670767,19231,19075100,20745,19499105,19508,19874610,19131,20174403,17563,20459525,21474,20720689,22200,20903375,19556,19805623,23326,18566027,26849,17293460,31713,15984990,29223,14645129,30981,2917108,5180,2972834,5850,3030970,5978,3094227,5424,3152917,5810,3221133,5524,3286950,7080,3365783,6566,3428211,7560,3464424,9271,3499862,9929,3552579,10470,3626137,10322,3692993,9641,125101,4045,127794,3599,129219,3759,127236,3685,126493,4078,128145,4082,130360,4061,136061,4902,141425,4735,137921,4538,147892,4782,169576,6411,190706,6721,223484,7661,3114684,19414,2883159,17204,2813758,17658,2751163,18301,2731532,17006,2759354,14769,2840776,18650,2932163,20305,3026434,19657,3229390,21886,3496715,21932,3819944,25473,4152447,25596,4535295,28338,524082,9965,554343,10075,590326,11413,620302,9850,653062,10302,673400,10221,702001,12223,730499,12865,761411,14387,1998084,22167,3152085,24923,4407783,31111,5686063,31119,7091523,37411
"G490","Utah","49","490",2426175,3171,2465277,3617,2487467,4158,2515352,4022,2544735,4907,2572595,4550,2600077,4245,2632056,4656,2676482,5224,2682881,5136,2704561,4858,2705194,5332,2688129,6322,2671349,5346,29056,1170,29912,1198,31101,1278,31163,1351,31909,981,32512,1184,33619,1123,35862,1234,36849,1335,38059,1367,38545,1331,37712,1541,37772,1487,39489,1606,30842,1158,30823,1093,31696,1182,31999,1159,31824,1250,31686,1316,32079,1177,32657,1333,33721,1497,33222,1541,33242,1506,32948,1484,33869,1859,34235,1606,168969,3083,176889,3886,197090,4535,209134,4153,220156,5142,233824,4728,244883,4596,254896,4862,255760,5495,263426,5657,272664,5711,283230,6021,296104,6504,318534,5662,60337,2535,63332,2624,66319,2483,70463,2336,74755,2608,77810,2711,83283,2622,89879,2754,94036,3137,133651,4644,182358,5119,224725,5532,275313,6955,328724,6964
"G500","Vermont","50","500",596736,491,596251,425,595862,436,595385,345,594443,412,592965,337,590499,386,589546,414,587883,447,584360,581,596282,654,594131,752,589835,973,586712,1032,5464,369,5804,326,6139,335,6435,325,6949,379,7404,344,7921,334,8058,414,8502,393,7964,481,8166,489,8000,526,7887,503,7316,527,1802,271,1855,262,1841,272,2008,287,2018,234,1984,273,2072,311,2106,297,2132,286,1873,299,1520,266,1336,228,1273,201,1065,206,9815,553,9957,573,9811,580,10338,502,11025,480,11727,502,12083,562,13189,550,13196,749,13008,860,14047,846,14540,812,15233,801,16618,765,11141,606,11631,587,12251,628,12192,453,12169,587,12169,606,12061,589,12078,686,12600,745,17135,985,21622,1147,25809,1158,31026,1237,35395,1284
"G510","Virginia","51","510",5526985,6695,5575445,6533,5627076,5673,5668363,6990,5695147,5990,5712958,5302,5720209,6499,5722660,6402,5717617,6871,5643436,6666,5574307,6853,5473610,7967,5344175,8334,5240029,6918,1545568,3885,1561042,4367,1568021,4276,1577943,3956,1589345,3850,1596352,4766,1605447,4024,1613285,5365,1621592,4393,1620649,5144,1631941,5030,1630355,5432,1623031,5984,1616256,6145,25665,1918,25205,1709,24816,1745,23421,1583,22570,1347,21948,1243,22499,1303,22972,1339,23873,1521,22553,1235,24007,1684,23728,1752,27216,2138,30986,2571,629803,6756,633301,7047,642874,6162,660283,6781,681401,5976,699344,5864,725853,6739,745644,7332,771106,7473,816934,7437,848884,8838,900520,8318,950829,8892,994288,9276,198171,5956,219962,5636,237866,5569,255121,5604,268167,5593,279699,6294,291944,5308,309213,6030,320275,5841,405786,7686,503340,8236,596298,8425,712248,10132,823611,10216
"G530","Washington","53","530",5256224,6736,5304864,6601,5350938,6455,5392302,5858,5434177,7113,5470566,8083,5500837,7360,5545997,7711,5581128,7160,5523881,7350,5465011,9069,5374874,8095,5251386,8671,5141304,8179,233549,2585,238255,2866,245041,2482,250484,3337,253224,3115,256990,2976,261743,3295,269854,3222,281683,3569,290245,4198,293401,3917,301477,3801,306214,3831,311435,4343,94243,2178,93416,2283,94194,2486,95117,2093,93266,2189,94026,2583,94754,1927,95048,2502,94449,2701,91766,2482,90789,2717,91698,3290,90212,2913,91528,2664,775914,8103,790863,7771,804935,7959,822257,7272,844092,7562,873861,8565,917900,8358,966642,8094,1013461,8265,1074597,9051,1112569,9740,1161221,10155,1212584,9416,1275109,11657,292915,4655,311316,5592,324471,4647,338963,5562,360705,5741,377703,6288,394733,5291,416795,5515,433386,6496,531976,8866,655594,8153,759279,9353,880588,9444,996740,11795
"G540","West Virginia","54","540",1736461,888,1737369,1071,1737996,913,1735816,982,1732235,1074,1725411,962,1714591,1295,1704345,1292,1691600,1460,1672255,1658,1658405,1684,1639342,1939,1622009,2350,1605228,2179,58296,1232,58260,1243,58489,1114,59129,1281,61367,1269,63305,1338,65300,1310,66728,1188,66990,1372,64285,1431,61143,1416,61227,1452,58519,1546,56175,1417,3052,434,2934,435,2955,462,3075,511,2953,418,3281,382,3322,506,3668,480,3667,569,3146,543,1911,340,1730,274,1532,290,1744,292,16480,800,17218,800,18211,965,18940,996,18676,958,20369,1022,21830,1212,22174,1209,22913,1307,23980,1424,24127,1399,23763,1266,26002,1216,28407,1535,32083,1292,34700,1384,35968,1390,36921,1583,36189,1235,33726,1308,31800,1471,32139,1259,32135,1388,43760,2272,55463,1968,66905,2263,76400,2552,86819,2384
"G550","Wisconsin","55","550",4941085,3525,4961852,3429,4966900,3840,4965198,4181,4967124,3205,4961193,3806,4950577,3537,4945966,3694,4946961,3696,4895065,5304,4894019,5646,4854979,4716,4791680,5212,4737919,4949,352620,1811,353470,2124,355873,2115,357758,1998,360792,1996,361730,1940,365884,2046,368744,1986,371200,2147,367889,2516,372439,2726,363331,2714,361890,3107,359804,2975,48741,927,49289,1123,49343,1255,49563,1034,50449,1188,51459,1030,50094,1055,50422,1200,51392,1091,48674,983,45831,1176,43759,1298,43336,1506,44388,1533,221081,3562,213298,3412,219202,3664,231397,3884,241022,3482,254493,4065,265571,3918,277272,3804,282591,3807,300783,6096,299895,5551,300003,4466,311131,5114,324288,5135,101366,2659,109310,3053,115553,2993,120776,2904,122730,3164,125923,3336,131091,2997,135990,3587,138572,3409,194564,4282,259477,4988,320056,5600,383986,5732,448473,5901
"G560","Wyoming","56","560",506661,1466,513021,1398,518388,1425,522535,1559,527763,1422,531851,1369,532394,1178,532008,1465,531304,1434,525246,1684,511179,1619,504798,1856,498371,1640,492158,1611,4309,347,4689,371,5167,348,5958,468,6142,595,6435,563,6121,605,5540,605,5582,608,5079,573,5242,581,4891,489,4982,493,5129,462,12752,615,12951,613,13268,635,13144,764,12658,665,13033,790,13549,839,14053,786,14164,805,13117,806,12987,584,12359,577,11927,922,11227,686,16096,1369,16697,1203,17470,1199,18096,1320,17627,1335,16179,1273,15819,1241,14656,1292,14453,1252,15188,1258,18796,1353,21857,1527,23412,1525,25857,1694,14879,1088,15445,994,15841,1081,15518,1031,15489,915,15531,1083,15317,1046,15579,1072,15521,1050,22718,1348,28437,1760,34024,1715,41069,1882,48026,1846
"G720","Puerto Rico","72","720",2695914,8899,2631788,8386,2575834,7973,2533581,9872,2495997,9921,2448085,9661,2389446,10023,2283720,9541,2188014,9520,1952451,11646,1693651,12697,1425431,10705,1146311,10144,853387,11780,274200,5941,282162,5678,284860,4935,290999,5256,301519,5947,320087,5491,338939,6609,365010,6294,386676,7052,367906,8119,329651,6952,286388,5775,237762,6415,191107,5918,7554,955,8608,1014,10471,1332,11102,1156,11775,1292,11814,1163,10849,1246,8504,1171,6838,1034,5697,859,5407,989,5066,950,5598,1002,6770,1070,388637,7067,366762,6054,377545,6922,407071,7262,441731,6503,484635,7735,519710,7908,554241,8354,561270,7749,614207,8967,721412,11411,792889,9608,885829,9710,996996,11427,376281,6841,427407,6528,434256,6779,396212,6633,332051,6762,264764,6256,210019,6143,175466,4871,175649,4948,315381,6816,561153,9702,762608,10236,979385,10822,1186049,11094